rank,branch_id,name,city,province,collected_reviews,claimed_review_count,google_rating,maps_url,phone
1,1,TIHUB,Tehran,Tehran,10,39,2.5,https://www.google.com/maps/place/TIHUB/data=!4m7!3m6!1s0x3f8dfb266d4dd54f:0x344a63f89052fc23!8m2!3d35.7047292!4d51.2295103!16s%2Fg%2F11g22yzb_w!19sChIJT9VNbSb7jT8RI_xSkPhjSjQ?authuser=0&hl=en&rclk=1,+98 21 4458 2203
2,2,Tipax,,North Khorasan,10,30,3.4,https://www.google.com/maps/place/Tipax/data=!4m7!3m6!1s0x3f709688c8262afb:0x2bb392456b9429eb!8m2!3d37.4785541!4d57.3317339!16s%2Fg%2F11c75x9zwb!19sChIJ-yomyIiWcD8R6ymUa0WSsys?authuser=0&hl=en&rclk=1,+98 58 3224 5541
3,3,تیپاکس شعبه 4,58J3+Q8R نصر 1,Bandar Abbas,10,10,1.4,https://www.google.com/maps/place/%D8%AA%DB%8C%D9%BE%D8%A7%DA%A9%D8%B3+%D8%B4%D8%B9%D8%A8%D9%87+4%E2%80%AD/data=!4m7!3m6!1s0x3ef9d7adf4e42669:0x3422e2db7cb5bdf2!8m2!3d27.1819782!4d56.3032636!16s%2Fg%2F11rwyjft4x!19sChIJaSbk9K3X-T4R8r21fNviIjQ?authuser=0&hl=en&rclk=1,+98 917 499 1626
4,5,تیپاکس شعبه کشاورز,Isfahan,Isfahan,10,14,1.3,https://www.google.com/maps/place/%D8%AA%DB%8C%D9%BE%D8%A7%DA%A9%D8%B3+%D8%B4%D8%B9%D8%A8%D9%87+%DA%A9%D8%B4%D8%A7%D9%88%D8%B1%D8%B2%E2%80%AD/data=!4m7!3m6!1s0x3fbc371500132a3d:0x7fdd6eaa1199ba5d!8m2!3d32.6231012!4d51.6122667!16s%2Fg%2F11k43429j_!19sChIJPSoTABU3vD8RXbqZEapu3X8?authuser=0&hl=en&rclk=1,+98 903 964 8304
5,9,سالن سورتینگ تیپاکس ( تی هاب ),Isfahan,Isfahan,10,40,1.7,https://www.google.com/maps/place/%D8%B3%D8%A7%D9%84%D9%86+%D8%B3%D9%88%D8%B1%D8%AA%DB%8C%D9%86%DA%AF+%D8%AA%DB%8C%D9%BE%D8%A7%DA%A9%D8%B3+%28+%D8%AA%DB%8C+%D9%87%D8%A7%D8%A8+%29%E2%80%AD/data=!4m7!3m6!1s0x3fbc4b344e622037:0x31788158f39b69ee!8m2!3d32.7412812!4d51.7452476!16s%2Fg%2F11v13cdmsz!19sChIJNyBiTjRLvD8R7mmb81iBeDE?authuser=0&hl=en&rclk=1,
6,10,تیپاکس شعبه ملاصدرا,,Fars,10,15,3.0,https://www.google.com/maps/place/%D8%AA%DB%8C%D9%BE%D8%A7%DA%A9%D8%B3+%D8%B4%D8%B9%D8%A8%D9%87+%D9%85%D9%84%D8%A7%D8%B5%D8%AF%D8%B1%D8%A7%E2%80%AD/data=!4m7!3m6!1s0x3fb21309d8ce8ea5:0xe665ff903a701277!8m2!3d29.6235117!4d52.5158739!16s%2Fg%2F11rhl94l2h!19sChIJpY7O2AkTsj8RdxJwOpD_ZeY?authuser=0&hl=en&rclk=1,+98 917 060 5730
7,12,تیپاکس قم|شعبه مرکزی,,Qom,10,60,2.1,https://www.google.com/maps/place/%D8%AA%DB%8C%D9%BE%D8%A7%DA%A9%D8%B3+%D9%82%D9%85%7C%D8%B4%D8%B9%D8%A8%D9%87+%D9%85%D8%B1%DA%A9%D8%B2%DB%8C%E2%80%AD/data=!4m7!3m6!1s0x3f93bb0e10bbb229:0xc6ecef86f38933c!8m2!3d34.6346026!4d50.8732812!16s%2Fg%2F11hk3_h1pw!19sChIJKbK7EA67kz8RPJM4b_jObgw?authuser=0&hl=en&rclk=1,+98 25 3784 1629
8,24,نمایندگی تیپاکس رهنان,Isfahan,Isfahan,10,16,2.3,https://www.google.com/maps/place/%D9%86%D9%85%D8%A7%DB%8C%D9%86%D8%AF%DA%AF%DB%8C+%D8%AA%DB%8C%D9%BE%D8%A7%DA%A9%D8%B3+%D8%B1%D9%87%D9%86%D8%A7%D9%86%E2%80%AD/data=!4m7!3m6!1s0x3fbc33bdb6f28a29:0x38d2353464291552!8m2!3d32.6818385!4d51.6077128!16s%2Fg%2F11t59ljfgt!19sChIJKYrytr0zvD8RUhUpZDQ10jg?authuser=0&hl=en&rclk=1,
9,30,تیپاکس شعبه آرژانتین,Tehran,Tehran,10,22,2.3,https://www.google.com/maps/place/%D8%AA%DB%8C%D9%BE%D8%A7%DA%A9%D8%B3+%D8%B4%D8%B9%D8%A8%D9%87+%D8%A2%D8%B1%DA%98%D8%A7%D9%86%D8%AA%DB%8C%D9%86%E2%80%AD/data=!4m7!3m6!1s0x3f8e01c4fc2082b5:0x8eb4ed8e8fda4d7d!8m2!3d35.7288757!4d51.4156631!16s%2Fg%2F11n0cjxtxg!19sChIJtYIg_MQBjj8RfU3aj47ttI4?authuser=0&hl=en&rclk=1,+98 21 8871 8122
10,37,تیپاکس نمایندگی فیض اصفهان,روبروی مسجد رکن الملک،,Feiz St,10,67,2.8,https://www.google.com/maps/place/%D8%AA%DB%8C%D9%BE%D8%A7%DA%A9%D8%B3+%D9%86%D9%85%D8%A7%DB%8C%D9%86%D8%AF%DA%AF%DB%8C+%D9%81%DB%8C%D8%B6+%D8%A7%D8%B5%D9%81%D9%87%D8%A7%D9%86%E2%80%AD/data=!4m7!3m6!1s0x3fbc49df03d49acf:0x68bf94bdc7d76d4e!8m2!3d32.6292675!4d51.6854294!16s%2Fg%2F11dxrxs5_x!19sChIJz5rUA99JvD8RTm3Xx72Uv2g?authuser=0&hl=en&rclk=1,+98 31 3661 2118
11,40,نمایندگی تیپاکس شیراز شهرک صنعتی,,Fars,10,12,2.2,https://www.google.com/maps/place/%D9%86%D9%85%D8%A7%DB%8C%D9%86%D8%AF%DA%AF%DB%8C+%D8%AA%DB%8C%D9%BE%D8%A7%DA%A9%D8%B3+%D8%B4%DB%8C%D8%B1%D8%A7%D8%B2+%D8%B4%D9%87%D8%B1%DA%A9+%D8%B5%D9%86%D8%B9%D8%AA%DB%8C%E2%80%AD/data=!4m7!3m6!1s0x3fb271b984067783:0x8e2e4e5be9159c65!8m2!3d29.481074!4d52.5563379!16s%2Fg%2F11mtrmy3g_!19sChIJg3cGhLlxsj8RZZwV6VtOLo4?authuser=0&hl=en&rclk=1,+98 917 087 8790
12,48,تیپاکس آریا,Isfahan,Isfahan,10,10,4.1,https://www.google.com/maps/place/%D8%AA%DB%8C%D9%BE%D8%A7%DA%A9%D8%B3+%D8%A2%D8%B1%DB%8C%D8%A7%E2%80%AD/data=!4m7!3m6!1s0x3fbc4b004bedb029:0xbd71a56d9d8ebd78!8m2!3d32.7099851!4d51.676553!16s%2Fg%2F11lw36zfsh!19sChIJKbDtSwBLvD8ReL2OnW2lcb0?authuser=0&hl=en&rclk=1,+98 31 9109 0056
13,64,نمایندگی تیپاکس آتشگاه اصفهان,Isfahan,Isfahan,10,35,2.6,https://www.google.com/maps/place/%D9%86%D9%85%D8%A7%DB%8C%D9%86%D8%AF%DA%AF%DB%8C+%D8%AA%DB%8C%D9%BE%D8%A7%DA%A9%D8%B3+%D8%A2%D8%AA%D8%B4%DA%AF%D8%A7%D9%87+%D8%A7%D8%B5%D9%81%D9%87%D8%A7%D9%86%E2%80%AD/data=!4m7!3m6!1s0x3fbc3567367b07d1:0xb3d2e6606b519b86!8m2!3d32.6684307!4d51.6381062!16s%2Fg%2F11r2r3gkrk!19sChIJ0Qd7Nmc1vD8RhptRa2Dm0rM?authuser=0&hl=en&rclk=1,+98 31 3339 3565
14,69,نمایندگی تیپاکس نازی آباد,Tehran,Tehran,10,26,3.8,https://www.google.com/maps/place/%D9%86%D9%85%D8%A7%DB%8C%D9%86%D8%AF%DA%AF%DB%8C+%D8%AA%DB%8C%D9%BE%D8%A7%DA%A9%D8%B3+%D9%86%D8%A7%D8%B2%DB%8C+%D8%A2%D8%A8%D8%A7%D8%AF%E2%80%AD/data=!4m7!3m6!1s0x3f91ff9c2a146c6b:0xcf5dd9e501f0a362!8m2!3d35.6353739!4d51.4071935!16s%2Fg%2F11j2zbkvgg!19sChIJa2wUKpz_kT8RYqPwAeXZXc8?authuser=0&hl=en&rclk=1,+98 21 8888 5035
15,71,تیپاکس گلستان,,Golestan,10,29,2.9,https://www.google.com/maps/place/%D8%AA%DB%8C%D9%BE%D8%A7%DA%A9%D8%B3+%DA%AF%D9%84%D8%B3%D8%AA%D8%A7%D9%86%E2%80%AD/data=!4m7!3m6!1s0x3fc3df4ec2cc59bf:0xd7e12300c6e01022!8m2!3d31.2907772!4d48.6424296!16s%2Fg%2F11lfgvzq7j!19sChIJv1nMwk7fwz8RIhDgxgAj4dc?authuser=0&hl=en&rclk=1,+98 61 3334 4633
16,73,نمایندگی تیپاکس شیراز پاسارگاد,,Fars,10,34,2.8,https://www.google.com/maps/place/%D9%86%D9%85%D8%A7%DB%8C%D9%86%D8%AF%DA%AF%DB%8C+%D8%AA%DB%8C%D9%BE%D8%A7%DA%A9%D8%B3+%D8%B4%DB%8C%D8%B1%D8%A7%D8%B2+%D9%BE%D8%A7%D8%B3%D8%A7%D8%B1%DA%AF%D8%A7%D8%AF%E2%80%AD/data=!4m7!3m6!1s0x3fb213d4c4a77e57:0xf5640ea26f1e8f7e!8m2!3d29.6070977!4d52.4804898!16s%2Fg%2F11k5b7m33x!19sChIJV36nxNQTsj8Rfo8eb6IOZPU?authuser=0&hl=en&rclk=1,+98 917 354 4672
17,83,TIPAX,Isfahan,Isfahan,10,41,2.2,https://www.google.com/maps/place/TIPAX/data=!4m7!3m6!1s0x3fbc4b692050cbd9:0x4e6236d6b5deb931!8m2!3d32.6512625!4d51.6862656!16s%2Fg%2F11qnknmb21!19sChIJ2ctQIGlLvD8RMbnetdY2Yk4?authuser=0&hl=en&rclk=1,+98 31 3273 0138
18,85,تیپاکس شعبه نورآباد,,Fars,10,20,4.6,https://www.google.com/maps/place/%D8%AA%DB%8C%D9%BE%D8%A7%DA%A9%D8%B3+%D8%B4%D8%B9%D8%A8%D9%87+%D9%86%D9%88%D8%B1%D8%A2%D8%A8%D8%A7%D8%AF%E2%80%AD/data=!4m7!3m6!1s0x3fb12771d6ced291:0xbff49c4e15f7ad9a!8m2!3d30.1182004!4d51.5193514!16s%2Fg%2F11g_x6dp42!19sChIJkdLO1nEnsT8Rmq33FU6c9L8?authuser=0&hl=en&rclk=1,+98 71 4252 1350
19,93,نمایندگی تیپاکس قرچک,Tehran,Tehran,10,57,2.5,https://www.google.com/maps/place/%D9%86%D9%85%D8%A7%DB%8C%D9%86%D8%AF%DA%AF%DB%8C+%D8%AA%DB%8C%D9%BE%D8%A7%DA%A9%D8%B3+%D9%82%D8%B1%DA%86%DA%A9%E2%80%AD/data=!4m7!3m6!1s0x3f91ed0878b8bc45:0x16f3e6d8ba2da560!8m2!3d35.4259648!4d51.58037!16s%2Fg%2F11j37lc4gd!19sChIJRby4eAjtkT8RYKUtutjm8xY?authuser=0&hl=en&rclk=1,+98 21 3611 8400
20,102,تیپاکس شعبه ۱ نجف آباد,Najafabad,Riazi St، روبه روی حلال احمر,10,25,2.6,https://www.google.com/maps/place/%D8%AA%DB%8C%D9%BE%D8%A7%DA%A9%D8%B3+%D8%B4%D8%B9%D8%A8%D9%87+%DB%B1+%D9%86%D8%AC%D9%81+%D8%A2%D8%A8%D8%A7%D8%AF%E2%80%AD/data=!4m7!3m6!1s0x3fbdd5b27ab8bca7:0x6a3f3b2bcbc9e2b!8m2!3d32.6363364!4d51.360739!16s%2Fg%2F11jmwnwbls!19sChIJp7y4erLVvT8RK568vLLzowY?authuser=0&hl=en&rclk=1,+98 31 4261 3547
21,103,تیپاکس آمل ۱۷شهریور - Tipax Amol Branch,Amol,ده متری اول,10,21,3.5,https://www.google.com/maps/place/%D8%AA%DB%8C%D9%BE%D8%A7%DA%A9%D8%B3+%D8%A2%D9%85%D9%84+%DB%B1%DB%B7%D8%B4%D9%87%D8%B1%DB%8C%D9%88%D8%B1+-+Tipax+Amol+Branch%E2%80%AD/data=!4m7!3m6!1s0x3f8fa3dd59a3c6e3:0xccad3fb3bdcfc62d!8m2!3d36.4683895!4d52.342006!16s%2Fg%2F11rqlcz81c!19sChIJ48ajWd2jjz8RLcbPvbM_rcw?authuser=0&hl=en&rclk=1,+98 935 750 5170
22,111,تیپاکس ملک‌شهر,Isfahan,Isfahan,10,18,3.4,https://www.google.com/maps/place/%D8%AA%DB%8C%D9%BE%D8%A7%DA%A9%D8%B3+%D9%85%D9%84%DA%A9%E2%80%8C%D8%B4%D9%87%D8%B1%E2%80%AD/data=!4m7!3m6!1s0x3fbdcbd8f4c1769f:0xd433cb925c1cdcf3!8m2!3d32.7286724!4d51.6569259!16s%2Fg%2F11k6hwnp1c!19sChIJn3bB9NjLvT8R89wcXJLLM9Q?authuser=0&hl=en&rclk=1,+98 990 299 4091
23,116,نمایندگی تیپاکس کاشان امیرکبیر,Isfahan,Isfahan,10,29,2.3,https://www.google.com/maps/place/%D9%86%D9%85%D8%A7%DB%8C%D9%86%D8%AF%DA%AF%DB%8C+%D8%AA%DB%8C%D9%BE%D8%A7%DA%A9%D8%B3+%DA%A9%D8%A7%D8%B4%D8%A7%D9%86+%D8%A7%D9%85%DB%8C%D8%B1%DA%A9%D8%A8%DB%8C%D8%B1%E2%80%AD/data=!4m7!3m6!1s0x3f96834966198863:0xd91ebbd2779319f1!8m2!3d33.9819206!4d51.421731!16s%2Fg%2F11ncb7nf76!19sChIJY4gZZkmDlj8R8RmTd9K7Htk?authuser=0&hl=en&rclk=1,+98 31 5535 3955
24,121,تیپاکس فاطمی,Tehran,Tehran,10,43,4.1,https://www.google.com/maps/place/%D8%AA%DB%8C%D9%BE%D8%A7%DA%A9%D8%B3+%D9%81%D8%A7%D8%B7%D9%85%DB%8C%E2%80%AD/data=!4m7!3m6!1s0x3f8e01005b220087:0x231ac2ae791b2e4!8m2!3d35.7185111!4d51.397011!16s%2Fg%2F11w3rdvw6x!19sChIJhwAiWwABjj8R5LKR5yqsMQI?authuser=0&hl=en&rclk=1,+98 21 8895 9553
25,135,تیپاکس عباس آباد,Tehran,Tehran,10,18,3.1,https://www.google.com/maps/place/%D8%AA%DB%8C%D9%BE%D8%A7%DA%A9%D8%B3+%D8%B9%D8%A8%D8%A7%D8%B3+%D8%A2%D8%A8%D8%A7%D8%AF%E2%80%AD/data=!4m7!3m6!1s0x3f8e03df1ee6cbd1:0x9d62c64c0c0602eb!8m2!3d35.7300648!4d51.4330096!16s%2Fg%2F11ny1_k0r9!19sChIJ0cvmHt8Djj8R6wIGDEzGYp0?authuser=0&hl=en&rclk=1,+98 21 8850 9412
26,150,نمایندگی تیپاکس افسریه,Tehran,Tehran,10,15,3.1,https://www.google.com/maps/place/%D9%86%D9%85%D8%A7%DB%8C%D9%86%D8%AF%DA%AF%DB%8C+%D8%AA%DB%8C%D9%BE%D8%A7%DA%A9%D8%B3+%D8%A7%D9%81%D8%B3%D8%B1%DB%8C%D9%87%E2%80%AD/data=!4m7!3m6!1s0x3f91fdab91d5dbb3:0xcc13f7df23ee2c65!8m2!3d35.6373783!4d51.4899738!16s%2Fg%2F11lgyhj4xz!19sChIJs9vVkav9kT8RZSzuI9_3E8w?authuser=0&hl=en&rclk=1,+98 21 3322 5347
27,151,نمایندگی تیپاکس حکیمیه,Tehran,Tehran,10,21,3.7,https://www.google.com/maps/place/%D9%86%D9%85%D8%A7%DB%8C%D9%86%D8%AF%DA%AF%DB%8C+%D8%AA%DB%8C%D9%BE%D8%A7%DA%A9%D8%B3+%D8%AD%DA%A9%DB%8C%D9%85%DB%8C%D9%87%E2%80%AD/data=!4m7!3m6!1s0x3f8e1d81f227dc35:0x22b404b90121274e!8m2!3d35.7402708!4d51.598677!16s%2Fg%2F11mc20gt5_!19sChIJNdwn8oEdjj8RTichAbkEtCI?authuser=0&hl=en&rclk=1,+98 21 7700 1142
28,161,نمایندگی تیپاکس دهکده المپیک,دهکده المپیک خیابان ساحل,خیابان ۴۵، Iran,10,12,3.0,https://www.google.com/maps/place/%D9%86%D9%85%D8%A7%DB%8C%D9%86%D8%AF%DA%AF%DB%8C+%D8%AA%DB%8C%D9%BE%D8%A7%DA%A9%D8%B3+%D8%AF%D9%87%DA%A9%D8%AF%D9%87+%D8%A7%D9%84%D9%85%D9%BE%DB%8C%DA%A9%E2%80%AD/data=!4m7!3m6!1s0x3f8dfb6165f516cd:0xf48b146370ed77ad!8m2!3d35.7584716!4d51.2944237!16s%2Fg%2F11spp2czyk!19sChIJzRb1ZWH7jT8RrXftcGMUi_Q?authuser=0&hl=en&rclk=1,+98 21 4433 0239
29,163,نمایندگی تیپاکس چهاردانگه,Tehran,Tehran,10,28,3.8,https://www.google.com/maps/place/%D9%86%D9%85%D8%A7%DB%8C%D9%86%D8%AF%DA%AF%DB%8C+%D8%AA%DB%8C%D9%BE%D8%A7%DA%A9%D8%B3+%DA%86%D9%87%D8%A7%D8%B1%D8%AF%D8%A7%D9%86%DA%AF%D9%87%E2%80%AD/data=!4m7!3m6!1s0x3f920156b767dea1:0x336e7060ce7eb405!8m2!3d35.5983911!4d51.3054157!16s%2Fg%2F11q880m5_b!19sChIJod5nt1YBkj8RBbR-zmBwbjM?authuser=0&hl=en&rclk=1,+98 21 5525 7070
30,170,نمایندگی تیپاکس مشیریه,تهران,تهران,10,25,2.0,https://www.google.com/maps/place/%D9%86%D9%85%D8%A7%DB%8C%D9%86%D8%AF%DA%AF%DB%8C+%D8%AA%DB%8C%D9%BE%D8%A7%DA%A9%D8%B3+%D9%85%D8%B4%DB%8C%D8%B1%DB%8C%D9%87%E2%80%AD/data=!4m7!3m6!1s0x3f91fd6cc2c72519:0xc9992735a8fa327f!8m2!3d35.6244349!4d51.4919129!16s%2Fg%2F11q93pq7nj!19sChIJGSXHwmz9kT8RfzL6qDUnmck?authuser=0&hl=en&rclk=1,+98 21 3348 3768
31,173,نمایندگی تیپاکس راه آهن,Tehran,Tehran,10,11,2.5,https://www.google.com/maps/place/%D9%86%D9%85%D8%A7%DB%8C%D9%86%D8%AF%DA%AF%DB%8C+%D8%AA%DB%8C%D9%BE%D8%A7%DA%A9%D8%B3+%D8%B1%D8%A7%D9%87+%D8%A2%D9%87%D9%86%E2%80%AD/data=!4m7!3m6!1s0x3f91ffaa2e4e4a27:0xe06d6b030a4ed43d!8m2!3d35.6592823!4d51.4108209!16s%2Fg%2F11nc9vf46h!19sChIJJ0pOLqr_kT8RPdROCgNrbeA?authuser=0&hl=en&rclk=1,+98 935 612 7171
32,178,نمایندگی تیپاکس واوان تهران,Tehran,Tehran,10,14,2.2,https://www.google.com/maps/place/%D9%86%D9%85%D8%A7%DB%8C%D9%86%D8%AF%DA%AF%DB%8C+%D8%AA%DB%8C%D9%BE%D8%A7%DA%A9%D8%B3+%D9%88%D8%A7%D9%88%D8%A7%D9%86+%D8%AA%D9%87%D8%B1%D8%A7%D9%86%E2%80%AD/data=!4m7!3m6!1s0x3f92056f0e13e81b:0x2c1525863eed86c3!8m2!3d35.5128375!4d51.2307344!16s%2Fg%2F11sq8sz5_d!19sChIJG-gTDm8Fkj8Rw4btPoYlFSw?authuser=0&hl=en&rclk=1,+98 21 5631 7241
33,189,تیپاکس مهرشهر,Tehran,Tehran,10,57,3.2,https://www.google.com/maps/place/%D8%AA%DB%8C%D9%BE%D8%A7%DA%A9%D8%B3+%D9%85%D9%87%D8%B1%D8%B4%D9%87%D8%B1%E2%80%AD/data=!4m7!3m6!1s0x3f8dbd6db68f1561:0x22a9a29b3e97fdd4!8m2!3d35.8200413!4d50.9042335!16s%2Fg%2F11hz_sg77m!19sChIJYRWPtm29jT8R1P2XPpuiqSI?authuser=0&hl=en&rclk=1,+98 26 3330 0755
34,196,نمایندگی تیپاکس نظرآباد,,Alborz,10,20,2.4,https://www.google.com/maps/place/%D9%86%D9%85%D8%A7%DB%8C%D9%86%D8%AF%DA%AF%DB%8C+%D8%AA%DB%8C%D9%BE%D8%A7%DA%A9%D8%B3+%D9%86%D8%B8%D8%B1%D8%A2%D8%A8%D8%A7%D8%AF%E2%80%AD/data=!4m7!3m6!1s0x3f8cff35c0146645:0xf1f64cfccc05eb9e!8m2!3d35.9508381!4d50.6047409!16s%2Fg%2F11j91p55wg!19sChIJRWYUwDX_jD8RnusFzPxM9vE?authuser=0&hl=en&rclk=1,+98 26 4536 8549
35,197,تیپاکس کیانمهر,Karaj,Alborz,10,21,3.8,https://www.google.com/maps/place/%D8%AA%DB%8C%D9%BE%D8%A7%DA%A9%D8%B3+%DA%A9%DB%8C%D8%A7%D9%86%D9%85%D9%87%D8%B1%E2%80%AD/data=!4m7!3m6!1s0x3f8dbd96ee6c8b43:0xc9043f5090b8b647!8m2!3d35.779381!4d50.855943!16s%2Fg%2F11kqgmsm5c!19sChIJQ4ts7pa9jT8RR7a4kFA_BMk?authuser=0&hl=en&rclk=1,+98 936 497 9763
36,202,تیپاکس مهستان,,Alborz,10,23,2.7,https://www.google.com/maps/place/%D8%AA%DB%8C%D9%BE%D8%A7%DA%A9%D8%B3+%D9%85%D9%87%D8%B3%D8%AA%D8%A7%D9%86%E2%80%AD/data=!4m7!3m6!1s0x3f8dab5e910644f7:0x7497310ca1e7bad9!8m2!3d35.9743839!4d50.7099121!16s%2Fg%2F11j1crjvpq!19sChIJ90QGkV6rjT8R2brnoQwxl3Q?authuser=0&hl=en&rclk=1,+98 26 9103 9033
37,205,تیپاکس هشتگرد,,Alborz,10,13,2.5,https://www.google.com/maps/place/%D8%AA%DB%8C%D9%BE%D8%A7%DA%A9%D8%B3+%D9%87%D8%B4%D8%AA%DA%AF%D8%B1%D8%AF%E2%80%AD/data=!4m7!3m6!1s0x3f8d018a64473e7b:0x886d6c380b0bf8a2!8m2!3d35.9668684!4d50.672182!16s%2Fg%2F11h528qddf!19sChIJez5HZIoBjT8RovgLCzhsbYg?authuser=0&hl=en&rclk=1,+98 26 4421 4817
38,215,Tayeb -Shams Abadi- Taleghani,Isfahan,Isfahan,10,11,2.6,https://www.google.com/maps/place/Tayeb+-Shams+Abadi-+Taleghani/data=!4m7!3m6!1s0x3fbc35e96585d029:0xeab99b92fc6f809a!8m2!3d32.6578119!4d51.6663438!16s%2Fg%2F1vhkj0d6!19sChIJKdCFZek1vD8RmoBv_JKbueo?authuser=0&hl=en&rclk=1,
39,219,نمایندگی تیپاکس فلاورجان,اصفهان,اصفهان,10,23,3.3,https://www.google.com/maps/place/%D9%86%D9%85%D8%A7%DB%8C%D9%86%D8%AF%DA%AF%DB%8C+%D8%AA%DB%8C%D9%BE%D8%A7%DA%A9%D8%B3+%D9%81%D9%84%D8%A7%D9%88%D8%B1%D8%AC%D8%A7%D9%86%E2%80%AD/data=!4m7!3m6!1s0x3fbc2f525a02d07b:0x5679f8d38d576602!8m2!3d32.5522117!4d51.5087287!16s%2Fg%2F11hyxqb9dy!19sChIJe9ACWlIvvD8RAmZXjdP4eVY?authuser=0&hl=en&rclk=1,+98 990 109 9847
40,221,Tipax Central Office(انبار مرکزی شیراز),,Fars,10,19,1.7,https://www.google.com/maps/place/Tipax+Central+Office%28%D8%A7%D9%86%D8%A8%D8%A7%D8%B1+%D9%85%D8%B1%DA%A9%D8%B2%DB%8C+%D8%B4%DB%8C%D8%B1%D8%A7%D8%B2%29%E2%80%AD/data=!4m7!3m6!1s0x3fb20f768c091a11:0x1b5c58e5081fb1ad!8m2!3d29.6776393!4d52.5569799!16s%2Fg%2F11fs_hz_rv!19sChIJERoJjHYPsj8RrbEfCOVYXBs?authuser=0&hl=en&rclk=1,+98 71 3242 8186
41,228,دفتر تیپاکس شعبه نصر,,Fars,10,11,1.7,https://www.google.com/maps/place/%D8%AF%D9%81%D8%AA%D8%B1+%D8%AA%DB%8C%D9%BE%D8%A7%DA%A9%D8%B3+%D8%B4%D8%B9%D8%A8%D9%87+%D9%86%D8%B5%D8%B1%E2%80%AD/data=!4m7!3m6!1s0x3fb273007d687b65:0x895ea36d72a17c12!8m2!3d29.5672983!4d52.6037568!16s%2Fg%2F11ldt8bctr!19sChIJZXtofQBzsj8REnyhcm2jXok?authuser=0&hl=en&rclk=1,+98 938 971 1141
42,233,دفتر تیپاکس کازرون,,فارس,10,13,2.4,https://www.google.com/maps/place/%D8%AF%D9%81%D8%AA%D8%B1+%D8%AA%DB%8C%D9%BE%D8%A7%DA%A9%D8%B3+%DA%A9%D8%A7%D8%B2%D8%B1%D9%88%D9%86%E2%80%AD/data=!4m7!3m6!1s0x3fb15f41e61a2365:0xfc7394c424fccb7!8m2!3d29.6187437!4d51.6586623!16s%2Fg%2F11qqhd0g8y!19sChIJZSMa5kFfsT8Rt8xPQkw5xw8?authuser=0&hl=en&rclk=1,+98 71 4222 8730
43,237,نمایندگی تیپاکس فسا سرو,,Fars,10,12,5.0,https://www.google.com/maps/place/%D9%86%D9%85%D8%A7%DB%8C%D9%86%D8%AF%DA%AF%DB%8C+%D8%AA%DB%8C%D9%BE%D8%A7%DA%A9%D8%B3+%D9%81%D8%B3%D8%A7+%D8%B3%D8%B1%D9%88%E2%80%AD/data=!4m7!3m6!1s0x3e5333d48f9e050b:0x144576b8ac01f69e!8m2!3d28.9440979!4d53.6450402!16s%2Fg%2F11ptrd0kl3!19sChIJCwWej9QzUz4RnvYBrLh2RRQ?authuser=0&hl=en&rclk=1,+98 71 5331 5005
44,241,تیپاکس شعبه جهرم,,Fars,10,18,4.1,https://www.google.com/maps/place/%D8%AA%DB%8C%D9%BE%D8%A7%DA%A9%D8%B3+%D8%B4%D8%B9%D8%A8%D9%87+%D8%AC%D9%87%D8%B1%D9%85%E2%80%AD/data=!4m7!3m6!1s0x3e531077616bf679:0xd2a3edade0893ef4!8m2!3d28.4944517!4d53.5673799!16s%2Fg%2F11g7254q8j!19sChIJefZrYXcQUz4R9D6J4K3to9I?authuser=0&hl=en&rclk=1,+98 71 5444 5900
45,244,marvdasht tipax post office,,Fars,10,15,2.8,https://www.google.com/maps/place/marvdasht+tipax+post+office/data=!4m7!3m6!1s0x3fadfb003c2f4499:0x94c6d270eb119106!8m2!3d29.8709538!4d52.8072413!16s%2Fg%2F11smhzvp_0!19sChIJmUQvPAD7rT8RBpER63DSxpQ?authuser=0&hl=en&rclk=1,+98 936 460 4242
46,256,نمایندگی مشهد فجر تیپاکس,,Razavi Khorasan,10,13,3.3,https://www.google.com/maps/place/%D9%86%D9%85%D8%A7%DB%8C%D9%86%D8%AF%DA%AF%DB%8C+%D9%85%D8%B4%D9%87%D8%AF+%D9%81%D8%AC%D8%B1+%D8%AA%DB%8C%D9%BE%D8%A7%DA%A9%D8%B3%E2%80%AD/data=!4m7!3m6!1s0x3f6c91b0d003b665:0x8c2dd232175ddbb4!8m2!3d36.3131163!4d59.6130037!16s%2Fg%2F11pcxwrdwh!19sChIJZbYD0LCRbD8RtNtdFzLSLYw?authuser=0&hl=en&rclk=1,+98 51 3739 3000
47,261,Tipax Misaq,,Fars,10,22,2.4,https://www.google.com/maps/place/Tipax+Misaq/data=!4m7!3m6!1s0x3f6c8ddfe5f88617:0xc8daf4d73a8173bd!8m2!3d36.3642843!4d59.4866964!16s%2Fg%2F11sfbvw9qn!19sChIJF4b45d-NbD8RvXOBOtf02sg?authuser=0&hl=en&rclk=1,+98 51 3240 4664
48,262,Tipax hemmat,,Razavi Khorasan,10,31,2.5,https://www.google.com/maps/place/Tipax+hemmat/data=!4m7!3m6!1s0x3f6c91ef911d6aff:0xa6e3e6f0c9675946!8m2!3d36.2922188!4d59.6426947!16s%2Fg%2F11h91plsf8!19sChIJ_2odke-RbD8RRllnyfDm46Y?authuser=0&hl=en&rclk=1,+98 51 3272 3030
49,266,تیپاکس شعبه پیروزی رضاشهر,Mashhad,Razavi Khorasan,10,10,1.0,https://www.google.com/maps/place/%D8%AA%DB%8C%D9%BE%D8%A7%DA%A9%D8%B3+%D8%B4%D8%B9%D8%A8%D9%87+%D9%BE%DB%8C%D8%B1%D9%88%D8%B2%DB%8C+%D8%B1%D8%B6%D8%A7%D8%B4%D9%87%D8%B1%E2%80%AD/data=!4m7!3m6!1s0x3f6c93002c59d5d5:0xb6014cf328713e8b!8m2!3d36.2837866!4d59.5443248!16s%2Fg%2F11w39_g_z6!19sChIJ1dVZLACTbD8Riz5xKPNMAbY?authuser=0&hl=en&rclk=1,+98 51 3876 4319
50,273,تیپاکس طرقبه و شاندیز,طرقبه، طرقبه بعد از پمپ بنزین، امام خمینی ۵، قطعه سوم،,Iran,10,16,3.4,https://www.google.com/maps/place/%D8%AA%DB%8C%D9%BE%D8%A7%DA%A9%D8%B3+%D8%B7%D8%B1%D9%82%D8%A8%D9%87+%D9%88+%D8%B4%D8%A7%D9%86%D8%AF%DB%8C%D8%B2%E2%80%AD/data=!4m7!3m6!1s0x3f6cf3795a0940e9:0xe177b93f9043f100!8m2!3d36.3239433!4d59.4073733!16s%2Fg%2F11qrflqgtm!19sChIJ6UAJWnnzbD8RAPFDkD-5d-E?authuser=0&hl=en&rclk=1,+98 51 3423 0633
