brand_name,branch_name,city,average_rating,review_count
Tipax,TIHUB,Tehran,1.0,10
Tipax,TIPAX,Isfahan,1.0,10
Tipax,Tipax Central Office(انبار مرکزی شیراز),NULL,1.0,10
Tipax,tippax ahwaz تیپاکس اهواز شعبه غرب کارون,NULL,1.0,10
Tipax,تیپاکس ،ارسال سریع پستی,NULL,1.0,10
Tipax,تیپاکس شعبه پیروزی رضاشهر,Mashhad,1.0,10
Tipax,دفتر مرکزی تیپاکس تهران,تهران,1.0,10
Tipax,نمایندگی تیپاکس صفائیه یزد,NULL,1.0,10
Tipax,نمایندگی تیپاکس نظرآباد,NULL,1.0,10
Tipax,تیپاکس پونک,Tehran,1.0,8
Tipax,تیپاکس خوراسگان(نیک پور),Isfahan,1.0,6
Tipax,تیپاکس خمینی شهر شعبه همایون,Isfahan,1.0,5
Tipax,پست تیپاکس سرپرستی,NULL,1.0,4
Tipax,اصفهان خواجو,Isfahan,1.0,3
Tipax,نمایندگی تیپاکس شهرک صنعتی کلات,مشهد,1.0,3
Tipax,انبار تیپاکس,Isfahan,1.0,2
Tipax,تیپاکس جی شهروند,Isfahan,1.0,2
Tipax,تیپاکس شعبه 3اهواز,NULL,1.0,2
Tipax,تیپاکس شعبه وحدت,Tehran,1.0,2
Tipax,تیپاکس کارمانیا(شعبه ۹),NULL,1.0,2
Tipax,سرویس پوینت تیپاکس رزمجو,NULL,1.0,2
Tipax,Tipax 30 Metri Jey Branch,تهران,1.0,1
Tipax,Tipax تیپاکس شعبه صنعت,Isfahan,1.0,1
Tipax,تی هاب مشهد(انبار مرکزی تیپاکس مشهد),NULL,1.0,1
Tipax,تیپاکس احمد آباد,Isfahan,1.0,1
Tipax,تیپاکس ارشاد (نمایندگی صابرین),NULL,1.0,1
Tipax,تیپاکس حمیدیان,Rasht، خیابان امام رضا جنب دفتر پیشخوان، چهارراه جمهوری، 7H82+4R4,1.0,1
Tipax,تیپاکس خواجو اصفهان,Isfahan,1.0,1
Tipax,تیپاکس سرپرستی اهواز,NULL,1.0,1
Tipax,تیپاکس شعبه عبدالرزاق,Isfahan,1.0,1
Tipax,تیپاکس شعبه پادادشهر,Ahvaz، ‫معلم غربی، 7MRR+6R7,1.0,1
Tipax,تیپاکس فلکه چهارم تهرانپارس,Tehran,1.0,1
Tipax,تیپاکس نقش جهان,Isfahan,1.0,1
Tipax,دفتر تیپاکس اصفهان رباط,Isfahan,1.0,1
Tipax,دفتر مرکزی تیپاکس,Isfahan,1.0,1
Tipax,نمایندگی تیپاکس بنجار,NULL,1.0,1
Tipax,نمایندگی تیپاکس چهارراه سرداران,NULL,1.0,1
Tipax,نمایندگی تیپاکس یزد-اذر یزدی,NULL,1.0,1
Tipax,تیپاکس (دفتر مرکزی اهواز)(سه راه خرمشهر، رو به روی بانک ملت),NULL,1.1,10
Tipax,نمایندگی تیپاکس کاشان امیرکبیر,Isfahan,1.1,10
Tipax,نمایندگی تیپاکس بوکان,NULL,1.2,10
Tipax,Tipax Misaq,NULL,1.3,10
Tipax,سالن سورتینگ تیپاکس ( تی هاب ),Isfahan,1.3,10
Tipax,تیپاکس شعبه 4,58J3+Q8R نصر 1,1.4,10
Tipax,تیپاکس شعبه بوشهر,NULL,1.4,10
Tipax,تیپاکس شعبه کشاورز,Isfahan,1.4,10
Tipax,نمایندگی تیپاکس سراوان,NULL,1.4,10
Tipax,نمایندگی تیپاکس مشیریه,تهران,1.4,10
Tipax,Tipax تیپاکس هنرور,Mashhad,1.4444,9
Tipax,Tipax,NULL,1.5,10
Tipax,Tipax behbahan,NULL,1.5,10
Tipax,نمایندگی تیپاکس قرچک,Tehran,1.5,10
Tipax,تی هاب مشهد,NULL,1.5,2
Tipax,دفتر تیپاکس شعبه شهرک صنعتی جی,Isfahan,1.5,2
Tipax,تیپاکس (نمایندگی جاسک),NULL,1.5714,7
Tipax,تیپاکس شادمان,Tehran,1.5714,7
Tipax,Tipax hemmat,NULL,1.6,10
Tipax,تیپاکس شعبه ۱ نجف آباد,Najafabad,1.6,10
Tipax,تیپاکس قم|شعبه مرکزی,NULL,1.6,10
Tipax,تیپاکس باغستان,Tehran,1.6667,6
Tipax,تیپاکس بهارستان غربی,Isfahan,1.6667,6
Tipax,تیپاکس رامهرمز,NULL,1.6667,6
Tipax,نمایندگی تیپاکس گتوند,NULL,1.6667,6
Tipax,نمایندگی تیپاکس نواب,Tehran,1.6667,3
Tipax,marvdasht tipax post office,NULL,1.7,10
Tipax,تیپاکس شعبه خرمشهر,NULL,1.7,10
Tipax,تیپاکس نمایندگی صائب تبریزی,NULL,1.7,10
Tipax,نمایندگی تیپاکس اهواز سه,9P2H+P63,1.7,10
Tipax,Tipax zabol,NULL,1.8,10
Tipax,تیپاکس شعبه آرژانتین,Tehran,1.8,10
Tipax,تیپاکس شعبه کلهری,NULL,1.8,10
Tipax,تیپاکس گلستان,NULL,1.8,10
Tipax,دفتر تیپاکس شعبه نصر,NULL,1.8,10
Tipax,نمایندگی تیپاکس رشت رشتیان,NULL,1.8,10
Tipax,نمایندگی تیپاکس رهنان,Isfahan,1.8,10
Tipax,نمایندگی تیپاکس شیراز پاسارگاد,NULL,1.8,10
Tipax,نمایندگی تیپاکس قم نبوت,یزد,1.8,10
Tipax,نمایندگی تیپاکس واوان تهران,Tehran,1.8,10
Tipax,تیپاکس قلمستان,Karaj,1.875,8
Tipax,تیپاکس شعبه زیتون کارگری,NULL,1.8889,9
Tipax,Tipax,Tehran,1.9,10
Tipax,نمایندگی تیپاکس بوشهر سلمان فارسی,NULL,1.9,10
Tipax,نمایندگی تیپاکس بیرجند,NULL,1.9,10
Tipax,نمایندگی تیپاکس قشم ساحل,NULL,1.9,10
Tipax,TePox,NULL,2.0,10
Tipax,تیپاکس جویبار,NULL,2.0,10
Tipax,تیپاکس مهرشهر,Tehran,2.0,10
Tipax,تیپاکس نواب,NULL,2.0,10
Tipax,دفتر تیپاکس کازرون,NULL,2.0,10
Tipax,نمایندگی تیپاکس حکیم بیرجند,NULL,2.0,10
Tipax,تیپاکس فارابی شهرکرد,NULL,2.0,8
Tipax,نمایندگی تیپاکس باهنر,NULL,2.0,7
Tipax,تیپاکس جی - شهروند,Isfahan,2.0,4
Tipax,تیپاکس فلکه اول تهرانپارس,Tehran,2.0,4
Tipax,تیپاکس چای کنار,NULL,2.0,4
Tipax,تیپاکس کیان آباد_وهابی,NULL,2.0,4
Tipax,تیپاکس نمایندگی یاغچیان,29HG+JMJ,2.0,3
Tipax,سرویس پوینت تیپاکس سامان,FW46+P3J,2.0,3
Tipax,نمایندگی تیپاکس بهمنیار,Tehran,2.0,1
Tipax,تیپاکس,Tehran,2.1,10
Tipax,تیپاکس شعبه بابل,NULL,2.1,10
Tipax,نمایندگی تیپاکس آتشگاه اصفهان,Isfahan,2.1,10
Tipax,نمایندگی تیپاکس درگهان (استان هرمزگان),NULL,2.1,10
Tipax,نمایندگی تیپاکس شیراز شهرک صنعتی,NULL,2.1,10
Tipax,تیپاکس سبلان,Tehran,2.1111,9
Tipax,تیپاکس نمایندگی ۲ سنندج,NULL,2.1111,9
Tipax,تیپاکس شعبه شهرک نبوت,69Q3+5GP,2.1429,7
Tipax,تیپاکس شعبه رامسر,NULL,2.2,10
Tipax,تیپاکس منتظری ارومیه جدید,NULL,2.2,10
Tipax,تیپاکس مهستان,NULL,2.2,10
Tipax,تیپاکس هشتگرد,NULL,2.2,10
Tipax,نمایندگی تیپاکس راه آهن,Tehran,2.2,10
Tipax,نمایندگی تیپاکس سیاهکل,NULL,2.2,5
Tipax,Tipax: Kashmar Branch,NULL,2.3,10
Tipax,تیپاکس سمنان شعبه 1 قدیمی ترین شعبه تیپاکس درشهرسمنان,NULL,2.3,10
Tipax,تیپاکس کوی نفت tipax,NULL,2.3,10
Tipax,تیپاکس آزادشهر,NULL,2.3333,3
Tipax,سرویس پوینت تیپاکس صوراسرافیل,Tehran,2.3333,3
Tipax,نمایندگی تیپاکس کوچصفهان,NULL,2.3333,3
Tipax,Izeh Tipax agency,NULL,2.4,10
Tipax,Tayeb -Shams Abadi- Taleghani,Isfahan,2.4,10
Tipax,تیپاکس زیباشهر,FV47+X35,2.4,10
Tipax,تیپاکس شعبه ملاصدرا,NULL,2.4,10
Tipax,تیپاکس تهرانسر,Tehran,2.4,5
Tipax,تیپاکس‌شعبه بابل (میدان ولایت),NULL,2.4444,9
Tipax,Tipax (Branch No.1 of BandarAbbas),NULL,2.5,10
Tipax,تیپاکس طرقبه و شاندیز,طرقبه، طرقبه بعد از پمپ بنزین، امام خمینی ۵، قطعه سوم،,2.5,10
Tipax,سرپرستی تیپاکس همدان,همدان,2.5,10
Tipax,تیپاکس نمایندگی فریدونکنار,NULL,2.5,8
Tipax,نمایندگی تیپاکس اشتهارد,NULL,2.5,6
Tipax,تیپاکس زرگران,NULL,2.5,2
Tipax,تیپاکس فاروج,NULL,2.6,10
Tipax,تیپاکس ملک‌شهر,Isfahan,2.6,10
Tipax,تیپاکس نمایندگی فیض اصفهان,روبروی مسجد رکن الملک،,2.6,10
Tipax,نمایندگی تیپاکس دهکده المپیک,دهکده المپیک خیابان ساحل,2.6,10
Tipax,نمایندگی تیپاکس توکهور هشتبندی,NULL,2.6,5
Tipax,نمایندگی تیپاکس کامیاران,NULL,2.625,8
Tipax,باربری تیپاکس,NULL,2.6667,3
Tipax,تیپاکس مکران,NULL,2.6667,3
Tipax,تیپاکس شعبه ۲,NULL,2.7,10
Tipax,نمایندگی تیپاکس افسریه,Tehran,2.7,10
Tipax,نمایندگی تیپاکس الغدیر کرمان,NULL,2.7,10
Tipax,ارسال با تیپاکس. نگارسرام,تهران,2.7143,7
Tipax,تیپاکس ایرانشهر,NULL,2.7143,7
Tipax,نمایندگی تیپاکس خرم آباد کیو,NULL,2.8,10
Tipax,نمایندگی تیپاکس نازی آباد,Tehran,2.8,10
Tipax,تیپاکس,NULL,2.8571,7
Tipax,پست تیپاکس نمایندگی کوروش,NULL,2.875,8
Tipax,تیپاکس عباس آباد,Tehran,2.9,10
Tipax,نمایندگی تیپاکس خاش,Khash، خیابان نیکبخت، 66F7+576,2.9,10
Chapar,Chapar Center,Tehran,2.9333,15
Tipax,Mahshahr Tipax,Bandar-e Mahshahr، فاز 4، بوستان ششم غربی,3.0,10
Tipax,تیپاکس بندرلنگه,NULL,3.0,10
Tipax,تیپاکس محمودآباد,NULL,3.0,10
Tipax,تیپاکس تبریز شهناز,NULL,3.0,8
Tipax,تیپاکس زاگرس / میرآباد,NULL,3.0,6
Tipax,تیپاکس اشنویه,NULL,3.0,4
Tipax,تیپاکس باغ غدیر,Isfahan,3.0,4
Tipax,تیپاکس پاداد,NULL,3.0,4
Tipax,تیپاکس گلشهر کاظمیه زنجان,NULL,3.0,4
Tipax,نمایندگی تیپاکس خرم آباد افلاک,NULL,3.0,4
Tipax,تیپاکس تعاون,NULL,3.0,2
Tipax,تیپاکس فیاض بخش,Tehran,3.0,2
Tipax,تیپاکس مهرویلا,NULL,3.0,2
Tipax,نمایندگی تیپاکس آبشار (شرق اصفهان ),Isfahan,3.0,2
Tipax,نمایندگی تیپاکس بیجار,NULL,3.0,2
Tipax,نمایندگی تیپاکس هرند,Isfahan,3.0,2
Tipax,تیپاکس شعبه تربیت ارومیه,Urmia,3.0,1
Tipax,تیپاکس نمایندگی سمیرم,Isfahan,3.0,1
Tipax,تیپاکس گوهردشت,Karaj,3.0,1
Chapar,Chapar Tabriz,Tabriz,3.0769,13
Tipax,Tipax نمایندگی تیپاکس شعبه ایثار,NULL,3.1,10
Tipax,نمایندگی تیپاکس بابلسر,NULL,3.1,10
Tipax,Tipax,NULL,3.2,10
Tipax,نمایندگی تیپاکس فلاورجان,اصفهان,3.2,10
Tipax,نمایندگی تیپاکس ملکان,NULL,3.2,10
Tipax,نمایندگی مشهد فجر تیپاکس,NULL,3.2,10
Tipax,شرکت تیپاکس,NULL,3.2222,9
Tipax,تیپاکس فومن,NULL,3.25,4
Tipax,تیپاکس شعبه ملوان,NULL,3.2857,7
Tipax,نمایندگی تیپاکس حکیمیه,Tehran,3.3,10
Tipax,تیپاکس,NULL,3.4,10
Tipax,تیپاکس نمایندگی بندر امام خمینی,NULL,3.4,10
Tipax,تیپاکس کیانمهر,Karaj,3.4,10
Tipax,تیپاکس گلسار رشت,NULL,3.4,10
Tipax,نمایندگی تیپاکس چهاردانگه,Tehran,3.4,10
Tipax,تیپاکس (پیروزی-نیروهوایی),Tehran,3.4,5
Tipax,تیپاکس کوهدشت,NULL,3.4,5
Tipax,تیپاکس مهاباد شعبه مرکزی _ شاهی جان,NULL,3.4444,9
Chapar,Chapar Shiraz,Shiraz,3.4615,13
Tipax,تیپاکس سردشت,NULL,3.5,8
Tipax,نمایندگی تیپاکس دزفول کمیل,NULL,3.5,6
Tipax,TPG post,NULL,3.5,2
Tipax,تیپاکس شعبه نور,NULL,3.6,10
Tipax,تیپاکس نمایندگی نگارخانه,NULL,3.6,10
Tipax,سرویس پوینت تیپاکس رویان,NULL,3.625,8
Tipax,تیپاکس کاشان شعبه مشفق,Isfahan,3.6667,9
Tipax,تیپاکس مهدیه,NULL,3.6667,6
Tipax,تیپاکس شعبه ورزش,NULL,3.6667,3
Tipax,تیپاکس یاس,Tehran,3.6667,3
Tipax,سرویس پوینت تیپاکس لوشان,NULL,3.6667,3
Tipax,نمایندگی تیپاکس جلفا,Isfahan,3.6667,3
Tipax,نمایندگی تیپاکس شهرک های صنعتی,NULL,3.6667,3
Tipax,نمایندگی تیپاکس لردگان,NULL,3.6667,3
Tipax,تیپاکس نمایندگی رستم آباد,NULL,3.75,8
Tipax,تیپاکس رودان کد7608,NULL,3.75,4
Tipax,تیپاکس - شعبه پیرانشهر,NULL,3.8,10
Tipax,تیپاکس شعبه جهرم,NULL,3.8,10
Tipax,تیپاکس نیشابور شعبه بینالود,NULL,3.8,10
Tipax,نمایندگی تیپاکس کوار,NULL,3.8333,6
Tipax,تیپاکس لاله زار,Tehran,3.8571,7
Tipax,نمایندگی تیپاکس کلاچای,NULL,3.8889,9
Tipax,tipax office,NULL,4.0,10
Tipax,تیپاکس شعبه ماسال,NULL,4.0,10
Tipax,تیپاکس فاطمی,Tehran,4.0,10
Tipax,تیپاکس فرهنگ شهر,NULL,4.0,10
Tipax,تیپاکس شعبه نقده,NULL,4.0,6
Tipax,tipax,NULL,4.0,5
Tipax,Monfared,NULL,4.0,4
Tipax,تیپاکس جانبازان رشت,NULL,4.0,4
Tipax,تیپاکس قادرآباد,Qaderabad,4.0,4
Tipax,تیپاکس نمایندگی خاوران,Tehran,4.0,4
Tipax,تیپاکس سورک,Surak,4.0,3
Tipax,تیپاکس اهر,Ahar,4.0,2
Tipax,تیپاکس رشت,Rasht,4.0,1
Tipax,تیپاکس ساری خیابان دانش,NULL,4.0,1
Tipax,تیپاکس آریا,Isfahan,4.1,10
Tipax,تیپاکس استاد شهریار تبریز (تیپاکس میدان رسالت),NULL,4.1111,9
Tipax,تیپاکس زرقان,NULL,4.1667,6
Tipax,تیپاکس آمل ۱۷شهریور - Tipax Amol Branch,Amol,4.2,10
Tipax,تیپاکس دیلمان,Rasht,4.2,5
Tipax,تیپاکس میانرود,NULL,4.2,5
Tipax,نمایندگی تیپاکس شعبه ساحل طلایی,NULL,4.2,5
Tipax,نمایندگی تیپاکس شعبه میانه 2,NULL,4.2222,9
Tipax,تیپاکس سرخرود,سرخرود،,4.25,4
Tipax,تیپاکس کن,تهران,4.3333,6
Tipax,تیپاکس شعبه میانه,NULL,4.4,10
Tipax,تیپاکس زینبیه,Isfahan,4.4,5
Tipax,تیپاکس مشتاق,Isfahan,4.4286,7
Tipax,شعبه تیپاکس قوچان,Quchan,4.4444,9
Tipax,اکسس پوینت تیپاکس ابوذر غفاری,شیراز,4.5,2
Tipax,تیپاکس جالق,JP44+5P3,4.5,2
Tipax,تیپاکس شهرک صنعتی Tipax,NULL,4.5,2
Tipax,تیپاکس نمایندگی والفجر,NULL,4.5,2
Tipax,دفتر پیشخوان و نمایندگی تیپاکس,Isfahan,4.5,2
Tipax,نمایندگی تیپاکس رحیم آباد,NULL,4.5,2
Tipax,تیپاکس شعبه نورآباد,NULL,4.6,10
Tipax,تیپاکس منجیل,NULL,4.6,10
Tipax,نمایندگی تیپاکس تکاب آذربایجان غربی,NULL,4.6667,3
Tipax,نمایندگی تیپاکس هرات,NULL,4.6667,3
Tipax,تیپاکس سمن,Isfahan,4.8,5
Tipax,نمایندگی تیپاکس فسا سرو,NULL,5.0,10
Tipax,تیپاکس مرکزی صدرا,NULL,5.0,7
Tipax,تیپاکس اسالم,NULL,5.0,6
Tipax,تیپاکس نمایندگی فیروزآباد,NULL,5.0,6
Tipax,سرویس پوینت تیپاکس بازار عبدل آباد,Tehran,5.0,6
Tipax,تیپاکس پل تمدن,اصفهان,5.0,5
Tipax,نمایندگی تیپاکس شیرگاه,NULL,5.0,5
Tipax,تیپاکس سلماس,NULL,5.0,4
Tipax,Tipax Gisha,Tehran,5.0,3
Tipax,تیپاکس رشت صنعتی,NULL,5.0,3
Tipax,تیپاکس لنگرود آزادی,NULL,5.0,3
Tipax,تیپاکس مجتمع خلیج فارس,NULL,5.0,3
Tipax,تیپاکس محله کوجان,Isfahan,5.0,3
Tipax,تیپاکس چهلستون,Isfahan,5.0,3
Tipax,نمایندگی تیپاکس شعبه اروند ماهشهر,NULL,5.0,3
Tipax,نمایندگی تیپاکس فلاح,Tehran,5.0,3
Tipax,نمایندگی تیپاکس پره سر,NULL,5.0,3
Tipax,اکسس پوینت تیپاکس شیراز خیابان فلاح,NULL,5.0,2
Tipax,تیپاکس آرین,NULL,5.0,2
Tipax,تیپاکس الیگودرز,NULL,5.0,2
Tipax,تیپاکس بسطامی,NULL,5.0,2
Tipax,تیپاکس خانه اصفهان - جمع آوری مرسولات پستی,Isfahan,5.0,2
Tipax,تیپاکس مجتمع تجاری امال,Tehran,5.0,2
Tipax,تیپاکس ورزنه,Isfahan,5.0,2
Tipax,تیپاکس پلاسکو,تهران,5.0,2
Tipax,تیپاکس. کجوار-باغمعروف,NULL,5.0,2
Tipax,شعبه تیپاکس آجودانیه,Tehran,5.0,2
Tipax,نمایندگی تیپاکس سیریک,NULL,5.0,2
Tipax,تی هاب شیراز ( انبار مرکزی تیپاکس ),اصفهان,5.0,1
Tipax,تیپاکس آل محمد اصفهان,Isfahan,5.0,1
Tipax,تیپاکس اسکو,NULL,5.0,1
Tipax,تیپاکس امام خمینی,Isfahan,5.0,1
Tipax,تیپاکس باهنر,Ahvaz، ‫بلوار ناصح شرقی،دفتر تیپاکس، بلوار معلم، پلاک ابتدای,5.0,1
Tipax,تیپاکس تجریش,Tajrish,5.0,1
Tipax,تیپاکس رشدیه,NULL,5.0,1
Tipax,تیپاکس ساجدی,NULL,5.0,1
Tipax,تیپاکس سنگان,NULL,5.0,1
Tipax,تیپاکس شاملو - قاسم آباد,NULL,5.0,1
Tipax,تیپاکس شاهپور جدید,Isfahan,5.0,1
Tipax,تیپاکس شعبه نورانی,NULL,5.0,1
Tipax,تیپاکس مایسا,NULL,5.0,1
Tipax,"تیپاکس نیوساید اهواز (TIPAX,NEWSIDE)",NULL,5.0,1
Tipax,تیپاکس هفتکل,NULL,5.0,1
Tipax,تیپاکس چناران,Chenaran، خیابان شهید بهشتی 15، J4MF+6Q2,5.0,1
Tipax,تیپاکس کومله,NULL,5.0,1
Tipax,دفتر تیپاکس کوی نیایش,68FH+832,5.0,1
Tipax,دفتر پیشخوان دولت نمایندگی پست و تیپاکس,NULL,5.0,1
Tipax,نمایندگی تیپاکس آذری,Tehran,5.0,1
Tipax,نمایندگی تیپاکس تفت,یزد,5.0,1
Tipax,نمایندگی تیپاکس جناح هرمزگان,NULL,5.0,1
Tipax,نمایندگی تیپاکس خواف,Khaf,5.0,1
Tipax,نمایندگی تیپاکس سپیدان,NULL,5.0,1
Tipax,نمایندگی تیپاکس فراشبند,NULL,5.0,1
Tipax,نمایندگی تیپاکس فیض آباد,NULL,5.0,1
